{"cameraMode":{"drawMode":0,"name":"Shaded","section":"Shading Mode"},"sceneLighting":true,"audioPlay":false,"sceneViewState":{"m_AlwaysRefresh":false,"showFog":true,"showSkybox":true,"showFlares":true,"showImageEffects":true,"showParticleSystems":true,"showVisualEffectGraphs":true,"m_FxEnabled":true},"in2DMode":false,"pivot":{"x":-2.2968902587890627,"y":1.6123886108398438,"z":21.238372802734376},"rotation":{"x":-0.25768887996673586,"y":0.4825376272201538,"z":-0.1510179042816162,"w":-0.8233754634857178},"size":13.826081275939942,"orthographic":false}