{"cameraMode":{"drawMode":0,"name":"Shaded","section":"Shading Mode"},"sceneLighting":true,"audioPlay":false,"sceneViewState":{"m_AlwaysRefresh":false,"showFog":true,"showSkybox":true,"showFlares":true,"showImageEffects":true,"showParticleSystems":true,"showVisualEffectGraphs":true,"m_FxEnabled":true},"in2DMode":false,"pivot":{"x":1398.7442626953125,"y":7.206665992736816,"z":203.39353942871095},"rotation":{"x":0.2311922311782837,"y":-0.15536674857139588,"z":0.03742905333638191,"w":0.9596941471099854},"size":10.542023658752442,"orthographic":true}