{"cameraMode":{"drawMode":0,"name":"Shaded","section":"Shading Mode"},"sceneLighting":true,"audioPlay":false,"sceneViewState":{"m_AlwaysRefresh":false,"showFog":true,"showSkybox":true,"showFlares":true,"showImageEffects":true,"showParticleSystems":true,"showVisualEffectGraphs":true,"m_FxEnabled":true},"in2DMode":false,"pivot":{"x":62.55513381958008,"y":30.38844108581543,"z":58.189640045166019},"rotation":{"x":0.08134463429450989,"y":-0.24411723017692567,"z":0.02055421657860279,"w":0.9661096930503845},"size":5.445093631744385,"orthographic":false}