{"cameraMode":{"drawMode":0,"name":"Shaded","section":"Shading Mode"},"sceneLighting":true,"audioPlay":false,"sceneViewState":{"m_AlwaysRefresh":false,"showFog":true,"showSkybox":true,"showFlares":true,"showImageEffects":true,"showParticleSystems":true,"showVisualEffectGraphs":true,"m_FxEnabled":true},"in2DMode":false,"pivot":{"x":-334.3290100097656,"y":20.72306251525879,"z":71.68782806396485},"rotation":{"x":-0.0338887944817543,"y":-0.012899957597255707,"z":0.0004361093451734632,"w":-0.999344527721405},"size":12.457876205444336,"orthographic":false}